{
	"credit": "Made with Blockbench",
	"textures": {
		"0": "minecraft:item/joint"
	},
	"elements": [
		{
			"from": [8, 2, 6],
			"to": [9, 3, 12],
			"faces": {
				"north": {"uv": [2, 10, 3, 11], "texture": "#0"},
				"east": {"uv": [0, 0, 6, 1], "texture": "#0"},
				"south": {"uv": [3, 10, 4, 11], "texture": "#0"},
				"west": {"uv": [0, 1, 6, 2], "texture": "#0"},
				"up": {"uv": [1, 8, 0, 2], "texture": "#0"},
				"down": {"uv": [2, 2, 1, 8], "texture": "#0"}
			}
		},
		{
			"from": [8, 2, 12],
			"to": [9, 3, 12.5],
			"faces": {
				"north": {"uv": [4, 10, 5, 11], "texture": "#0"},
				"east": {"uv": [3, 11, 3.5, 12], "texture": "#0"},
				"south": {"uv": [5, 10, 6, 11], "texture": "#0"},
				"west": {"uv": [4, 11, 4.5, 12], "texture": "#0"},
				"up": {"uv": [6, 11.5, 5, 11], "texture": "#0"},
				"down": {"uv": [7, 11, 6, 11.5], "texture": "#0"}
			}
		},
		{
			"from": [8.1, 2.1, 4],
			"to": [8.9, 2.9, 6],
			"faces": {
				"north": {"uv": [10, 10, 10.75, 10.75], "texture": "#0"},
				"east": {"uv": [8, 6, 10, 6.75], "texture": "#0"},
				"south": {"uv": [2, 11, 2.75, 11.75], "texture": "#0"},
				"west": {"uv": [8, 7, 10, 7.75], "texture": "#0"},
				"up": {"uv": [8.75, 10, 8, 8], "texture": "#0"},
				"down": {"uv": [9.75, 8, 9, 10], "texture": "#0"}
			}
		},
		{
			"from": [8.9, 2.1, 5],
			"to": [9, 2.9, 6],
			"faces": {
				"north": {"uv": [8, 12, 8.25, 12.75], "texture": "#0"},
				"east": {"uv": [8, 10, 9, 10.75], "texture": "#0"},
				"south": {"uv": [12, 8, 12.25, 8.75], "texture": "#0"},
				"west": {"uv": [10, 8, 11, 8.75], "texture": "#0"},
				"up": {"uv": [11.25, 9, 11, 8], "texture": "#0"},
				"down": {"uv": [9.25, 11, 9, 12], "texture": "#0"}
			}
		},
		{
			"from": [8, 2.1, 5],
			"to": [8.1, 2.9, 6],
			"faces": {
				"north": {"uv": [9, 12, 9.25, 12.75], "texture": "#0"},
				"east": {"uv": [9, 10, 10, 10.75], "texture": "#0"},
				"south": {"uv": [12, 9, 12.25, 9.75], "texture": "#0"},
				"west": {"uv": [10, 9, 11, 9.75], "texture": "#0"},
				"up": {"uv": [11.25, 10, 11, 9], "texture": "#0"},
				"down": {"uv": [10.25, 11, 10, 12], "texture": "#0"}
			}
		},
		{
			"from": [8.1, 2.9, 5],
			"to": [8.9, 3, 6],
			"faces": {
				"north": {"uv": [6, 12, 6.75, 12.25], "texture": "#0"},
				"east": {"uv": [11, 6, 12, 6.25], "texture": "#0"},
				"south": {"uv": [12, 6, 12.75, 6.25], "texture": "#0"},
				"west": {"uv": [7, 11, 8, 11.25], "texture": "#0"},
				"up": {"uv": [6.75, 11, 6, 10], "texture": "#0"},
				"down": {"uv": [10.75, 6, 10, 7], "texture": "#0"}
			}
		},
		{
			"from": [8.1, 2, 5],
			"to": [8.9, 2.1, 6],
			"faces": {
				"north": {"uv": [7, 12, 7.75, 12.25], "texture": "#0"},
				"east": {"uv": [11, 7, 12, 7.25], "texture": "#0"},
				"south": {"uv": [12, 7, 12.75, 7.25], "texture": "#0"},
				"west": {"uv": [8, 11, 9, 11.25], "texture": "#0"},
				"up": {"uv": [7.75, 11, 7, 10], "texture": "#0"},
				"down": {"uv": [10.75, 7, 10, 8], "texture": "#0"}
			}
		},
		{
			"from": [7.9, 2.1, 6],
			"to": [8, 2.9, 12],
			"faces": {
				"north": {"uv": [4, 12, 4.25, 12.75], "texture": "#0"},
				"east": {"uv": [6, 0, 12, 0.75], "texture": "#0"},
				"south": {"uv": [5, 12, 5.25, 12.75], "texture": "#0"},
				"west": {"uv": [6, 1, 12, 1.75], "texture": "#0"},
				"up": {"uv": [0.25, 14, 0, 8], "texture": "#0"},
				"down": {"uv": [1.25, 8, 1, 14], "texture": "#0"}
			}
		},
		{
			"from": [9, 2.1, 6],
			"to": [9.1, 2.9, 12],
			"faces": {
				"north": {"uv": [11, 10, 11.25, 10.75], "texture": "#0"},
				"east": {"uv": [2, 2, 8, 2.75], "texture": "#0"},
				"south": {"uv": [11, 11, 11.25, 11.75], "texture": "#0"},
				"west": {"uv": [2, 3, 8, 3.75], "texture": "#0"},
				"up": {"uv": [6.25, 10, 6, 4], "texture": "#0"},
				"down": {"uv": [7.25, 4, 7, 10], "texture": "#0"}
			}
		},
		{
			"from": [8.1, 3, 6],
			"to": [8.9, 3.1, 12],
			"faces": {
				"north": {"uv": [12, 0, 12.75, 0.25], "texture": "#0"},
				"east": {"uv": [8, 2, 14, 2.25], "texture": "#0"},
				"south": {"uv": [12, 1, 12.75, 1.25], "texture": "#0"},
				"west": {"uv": [8, 3, 14, 3.25], "texture": "#0"},
				"up": {"uv": [2.75, 10, 2, 4], "texture": "#0"},
				"down": {"uv": [3.75, 4, 3, 10], "texture": "#0"}
			}
		},
		{
			"from": [8.1, 1.9, 6],
			"to": [8.9, 2, 12],
			"faces": {
				"north": {"uv": [2, 12, 2.75, 12.25], "texture": "#0"},
				"east": {"uv": [8, 4, 14, 4.25], "texture": "#0"},
				"south": {"uv": [3, 12, 3.75, 12.25], "texture": "#0"},
				"west": {"uv": [8, 5, 14, 5.25], "texture": "#0"},
				"up": {"uv": [4.75, 10, 4, 4], "texture": "#0"},
				"down": {"uv": [5.75, 4, 5, 10], "texture": "#0"}
			}
		}
	],
	"display": {
		"thirdperson_righthand": {
			"rotation": [-82, 0, 0],
			"translation": [0, 4.5, -4.5]
		},
		"thirdperson_lefthand": {
			"rotation": [-82, 0, 0],
			"translation": [0, 4.5, -4.5]
		},
		"firstperson_righthand": {
			"rotation": [-140, 0, 0],
			"translation": [0.25, 0.75, -1.5],
			"scale": [0.75, 0.75, 0.75]
		},
		"firstperson_lefthand": {
			"rotation": [-140, 0, 0],
			"translation": [-0.5, 1.5, -0.5],
			"scale": [0.75, 0.75, 0.75]
		},
		"ground": {
			"translation": [0, 2.5, 0]
		},
		"gui": {
			"rotation": [64, 129, 0],
			"translation": [0, 4.25, 0],
			"scale": [2, 2, 2]
		},
		"head": {
			"translation": [0, 12.75, 0]
		},
		"fixed": {
			"rotation": [0, 90, 0],
			"translation": [0, 5.75, 0]
		}
	}
}